loan_id,probability_of_default,next_state,exception_type,anomaly_score,top_drivers,action,confidence
LN-IND-9001,12.93,WATCH,LATENT_CASHFLOW_STRESS,52.1,STANDARD_PERFORMANCE,COVENANT_RESET_AND_LIQUIDITY_AUDIT,0.83
LN-IND-9002,11.11,WATCH,LATENT_CASHFLOW_STRESS,53.7,STANDARD_PERFORMANCE,COVENANT_RESET_AND_LIQUIDITY_AUDIT,0.88
LN-IND-9003,15.6,WATCH,LATENT_CASHFLOW_STRESS,63.8,DTI_STRETCH_54PCT,COVENANT_RESET_AND_LIQUIDITY_AUDIT,0.9
LN-IND-9004,21.06,DELINQUENT_90,ROLLING_DELINQUENCY,99.0,ACTIVE_DPD_30,ENFORCE_RECEIVABLE_RINGFENCE,0.85
LN-IND-9005,14.9,WATCH,LATENT_CASHFLOW_STRESS,50.2,DTI_STRETCH_42PCT,COVENANT_RESET_AND_LIQUIDITY_AUDIT,0.9
LN-IND-9006,41.78,DEFAULT,CRITICAL_PAYMENT_FAILURE,99.0,LTV_ELEVATED_90PCT|DTI_STRETCH_54PCT|BUREAU_DETERIORATION|ACTIVE_DPD_60,ENFORCE_RECEIVABLE_RINGFENCE,0.95
LN-IND-9007,15.18,WATCH,LATENT_CASHFLOW_STRESS,74.0,LTV_ELEVATED_91PCT|DTI_STRETCH_45PCT,COVENANT_RESET_AND_LIQUIDITY_AUDIT,0.9
LN-IND-9008,19.06,WATCH,LATENT_CASHFLOW_STRESS,57.2,LTV_ELEVATED_77PCT|BUREAU_DETERIORATION,COVENANT_RESET_AND_LIQUIDITY_AUDIT,0.82
LN-IND-9009,20.19,DELINQUENT_90,ROLLING_DELINQUENCY,69.0,DTI_STRETCH_56PCT|BUREAU_DETERIORATION,ENFORCE_RECEIVABLE_RINGFENCE,0.92
LN-IND-9010,23.55,DELINQUENT_90,ROLLING_DELINQUENCY,99.0,DTI_STRETCH_45PCT|ACTIVE_DPD_30,ENFORCE_RECEIVABLE_RINGFENCE,0.92
LN-IND-9011,17.82,WATCH,LATENT_CASHFLOW_STRESS,64.2,LTV_ELEVATED_83PCT,COVENANT_RESET_AND_LIQUIDITY_AUDIT,0.87
LN-IND-9012,20.12,DELINQUENT_90,ROLLING_DELINQUENCY,99.0,LTV_ELEVATED_77PCT|ACTIVE_DPD_15,ENFORCE_RECEIVABLE_RINGFENCE,0.96
LN-IND-9013,15.85,WATCH,LATENT_CASHFLOW_STRESS,57.0,DTI_STRETCH_51PCT,COVENANT_RESET_AND_LIQUIDITY_AUDIT,0.91
LN-IND-9014,17.36,WATCH,LATENT_CASHFLOW_STRESS,72.0,LTV_ELEVATED_87PCT|DTI_STRETCH_45PCT,COVENANT_RESET_AND_LIQUIDITY_AUDIT,0.89
LN-IND-9015,23.31,DELINQUENT_90,ROLLING_DELINQUENCY,99.0,LTV_ELEVATED_83PCT|DTI_STRETCH_42PCT|ACTIVE_DPD_15,ENFORCE_RECEIVABLE_RINGFENCE,0.93
LN-IND-9016,14.81,WATCH,LATENT_CASHFLOW_STRESS,78.2,LTV_ELEVATED_89PCT|DTI_STRETCH_54PCT,COVENANT_RESET_AND_LIQUIDITY_AUDIT,0.84
LN-IND-9017,16.25,WATCH,LATENT_CASHFLOW_STRESS,70.7,LTV_ELEVATED_79PCT|DTI_STRETCH_51PCT,COVENANT_RESET_AND_LIQUIDITY_AUDIT,0.89
LN-IND-9018,19.36,WATCH,LATENT_CASHFLOW_STRESS,55.8,BUREAU_DETERIORATION,COVENANT_RESET_AND_LIQUIDITY_AUDIT,0.9
LN-IND-9019,41.88,DEFAULT,CRITICAL_PAYMENT_FAILURE,99.0,ACTIVE_DPD_90,ENFORCE_RECEIVABLE_RINGFENCE,0.94
LN-IND-9020,31.69,DELINQUENT_90,ROLLING_DELINQUENCY,99.0,LTV_ELEVATED_88PCT|ACTIVE_DPD_60,ENFORCE_RECEIVABLE_RINGFENCE,0.88
LN-IND-9021,22.21,DELINQUENT_90,ROLLING_DELINQUENCY,73.3,LTV_ELEVATED_85PCT|DTI_STRETCH_49PCT|BUREAU_DETERIORATION,ENFORCE_RECEIVABLE_RINGFENCE,0.85
LN-IND-9022,17.8,WATCH,LATENT_CASHFLOW_STRESS,39.6,BUREAU_DETERIORATION,COVENANT_RESET_AND_LIQUIDITY_AUDIT,0.87
LN-IND-9023,27.37,DELINQUENT_90,ROLLING_DELINQUENCY,99.0,DTI_STRETCH_43PCT|BUREAU_DETERIORATION|ACTIVE_DPD_30,ENFORCE_RECEIVABLE_RINGFENCE,0.91
LN-IND-9024,14.94,WATCH,LATENT_CASHFLOW_STRESS,61.7,DTI_STRETCH_50PCT,COVENANT_RESET_AND_LIQUIDITY_AUDIT,0.86
LN-IND-9025,22.51,DELINQUENT_90,ROLLING_DELINQUENCY,74.5,LTV_ELEVATED_83PCT|DTI_STRETCH_53PCT|BUREAU_DETERIORATION,ENFORCE_RECEIVABLE_RINGFENCE,0.88
LN-IND-9026,26.73,DELINQUENT_90,ROLLING_DELINQUENCY,99.0,LTV_ELEVATED_91PCT|ACTIVE_DPD_30,ENFORCE_RECEIVABLE_RINGFENCE,0.85
LN-IND-9027,15.28,WATCH,LATENT_CASHFLOW_STRESS,57.3,DTI_STRETCH_52PCT,COVENANT_RESET_AND_LIQUIDITY_AUDIT,0.82
LN-IND-9028,17.24,WATCH,LATENT_CASHFLOW_STRESS,54.6,STANDARD_PERFORMANCE,COVENANT_RESET_AND_LIQUIDITY_AUDIT,0.87
LN-IND-9029,13.6,WATCH,LATENT_CASHFLOW_STRESS,63.4,DTI_STRETCH_52PCT,COVENANT_RESET_AND_LIQUIDITY_AUDIT,0.86
LN-IND-9030,29.5,DELINQUENT_90,ROLLING_DELINQUENCY,99.0,LTV_ELEVATED_90PCT|BUREAU_DETERIORATION|ACTIVE_DPD_30,ENFORCE_RECEIVABLE_RINGFENCE,0.94
LN-IND-9031,35.13,DELINQUENT_90,ROLLING_DELINQUENCY,99.0,LTV_ELEVATED_84PCT|ACTIVE_DPD_60,ENFORCE_RECEIVABLE_RINGFENCE,0.94
LN-IND-9032,34.83,DELINQUENT_90,ROLLING_DELINQUENCY,99.0,LTV_ELEVATED_84PCT|DTI_STRETCH_51PCT|ACTIVE_DPD_60,ENFORCE_RECEIVABLE_RINGFENCE,0.86
LN-IND-9033,17.9,WATCH,LATENT_CASHFLOW_STRESS,52.2,BUREAU_DETERIORATION,COVENANT_RESET_AND_LIQUIDITY_AUDIT,0.84
LN-IND-9034,17.84,WATCH,LATENT_CASHFLOW_STRESS,99.0,ACTIVE_DPD_15,COVENANT_RESET_AND_LIQUIDITY_AUDIT,0.88
LN-IND-9035,20.82,DELINQUENT_90,ROLLING_DELINQUENCY,99.0,DTI_STRETCH_48PCT|ACTIVE_DPD_15,ENFORCE_RECEIVABLE_RINGFENCE,0.93
LN-IND-9036,14.42,WATCH,LATENT_CASHFLOW_STRESS,53.1,DTI_STRETCH_48PCT,COVENANT_RESET_AND_LIQUIDITY_AUDIT,0.8
LN-IND-9037,25.41,DELINQUENT_90,ROLLING_DELINQUENCY,99.0,LTV_ELEVATED_85PCT|DTI_STRETCH_46PCT|BUREAU_DETERIORATION|ACTIVE_DPD_15,ENFORCE_RECEIVABLE_RINGFENCE,0.9
LN-IND-9038,16.23,WATCH,LATENT_CASHFLOW_STRESS,71.0,LTV_ELEVATED_83PCT|DTI_STRETCH_47PCT,COVENANT_RESET_AND_LIQUIDITY_AUDIT,0.87
LN-IND-9039,16.98,WATCH,LATENT_CASHFLOW_STRESS,72.7,LTV_ELEVATED_92PCT|DTI_STRETCH_42PCT,COVENANT_RESET_AND_LIQUIDITY_AUDIT,0.91
LN-IND-9040,20.54,DELINQUENT_90,ROLLING_DELINQUENCY,67.0,LTV_ELEVATED_91PCT|BUREAU_DETERIORATION,ENFORCE_RECEIVABLE_RINGFENCE,0.89
LN-IND-9041,17.31,WATCH,LATENT_CASHFLOW_STRESS,58.1,STANDARD_PERFORMANCE,COVENANT_RESET_AND_LIQUIDITY_AUDIT,0.84
LN-IND-9042,19.52,WATCH,LATENT_CASHFLOW_STRESS,60.2,LTV_ELEVATED_81PCT|BUREAU_DETERIORATION,COVENANT_RESET_AND_LIQUIDITY_AUDIT,0.87
LN-IND-9043,21.65,DELINQUENT_90,ROLLING_DELINQUENCY,78.4,LTV_ELEVATED_89PCT|DTI_STRETCH_55PCT|BUREAU_DETERIORATION,ENFORCE_RECEIVABLE_RINGFENCE,0.88
LN-IND-9044,18.76,WATCH,LATENT_CASHFLOW_STRESS,69.8,LTV_ELEVATED_84PCT|DTI_STRETCH_44PCT,COVENANT_RESET_AND_LIQUIDITY_AUDIT,0.9
LN-IND-9045,19.74,WATCH,LATENT_CASHFLOW_STRESS,51.6,BUREAU_DETERIORATION,COVENANT_RESET_AND_LIQUIDITY_AUDIT,0.81
LN-IND-9046,17.09,WATCH,LATENT_CASHFLOW_STRESS,57.7,STANDARD_PERFORMANCE,COVENANT_RESET_AND_LIQUIDITY_AUDIT,0.89
LN-IND-9047,13.55,WATCH,LATENT_CASHFLOW_STRESS,59.2,DTI_STRETCH_56PCT,COVENANT_RESET_AND_LIQUIDITY_AUDIT,0.82
LN-IND-9048,20.41,DELINQUENT_90,ROLLING_DELINQUENCY,64.2,LTV_ELEVATED_89PCT|BUREAU_DETERIORATION,ENFORCE_RECEIVABLE_RINGFENCE,0.87
LN-IND-9049,21.11,DELINQUENT_90,ROLLING_DELINQUENCY,99.0,DTI_STRETCH_44PCT|ACTIVE_DPD_15,ENFORCE_RECEIVABLE_RINGFENCE,0.86
LN-IND-9050,15.55,WATCH,LATENT_CASHFLOW_STRESS,53.2,STANDARD_PERFORMANCE,COVENANT_RESET_AND_LIQUIDITY_AUDIT,0.82
LN-IND-9051,18.2,WATCH,LATENT_CASHFLOW_STRESS,66.0,LTV_ELEVATED_76PCT|DTI_STRETCH_45PCT,COVENANT_RESET_AND_LIQUIDITY_AUDIT,0.91
LN-IND-9052,23.95,DELINQUENT_90,ROLLING_DELINQUENCY,99.0,ACTIVE_DPD_30,ENFORCE_RECEIVABLE_RINGFENCE,0.94
LN-IND-9053,16.07,WATCH,LATENT_CASHFLOW_STRESS,63.3,DTI_STRETCH_53PCT,COVENANT_RESET_AND_LIQUIDITY_AUDIT,0.8
LN-IND-9054,15.32,WATCH,LATENT_CASHFLOW_STRESS,58.5,DTI_STRETCH_55PCT,COVENANT_RESET_AND_LIQUIDITY_AUDIT,0.87
LN-IND-9055,17.58,WATCH,LATENT_CASHFLOW_STRESS,65.1,LTV_ELEVATED_76PCT|DTI_STRETCH_43PCT,COVENANT_RESET_AND_LIQUIDITY_AUDIT,0.86
LN-IND-9056,27.56,DELINQUENT_90,ROLLING_DELINQUENCY,99.0,DTI_STRETCH_48PCT|ACTIVE_DPD_30,ENFORCE_RECEIVABLE_RINGFENCE,0.87
LN-IND-9057,21.07,DELINQUENT_90,ROLLING_DELINQUENCY,74.4,LTV_ELEVATED_81PCT|DTI_STRETCH_55PCT|BUREAU_DETERIORATION,ENFORCE_RECEIVABLE_RINGFENCE,0.87
LN-IND-9058,22.55,DELINQUENT_90,ROLLING_DELINQUENCY,99.0,DTI_STRETCH_48PCT|ACTIVE_DPD_30,ENFORCE_RECEIVABLE_RINGFENCE,0.94
LN-IND-9059,17.44,WATCH,LATENT_CASHFLOW_STRESS,61.7,LTV_ELEVATED_85PCT,COVENANT_RESET_AND_LIQUIDITY_AUDIT,0.84
LN-IND-9060,26.11,DELINQUENT_90,ROLLING_DELINQUENCY,99.0,DTI_STRETCH_44PCT|ACTIVE_DPD_30,ENFORCE_RECEIVABLE_RINGFENCE,0.88
LN-IND-9061,21.53,DELINQUENT_90,ROLLING_DELINQUENCY,99.0,DTI_STRETCH_45PCT|ACTIVE_DPD_15,ENFORCE_RECEIVABLE_RINGFENCE,0.88
LN-IND-9062,48.05,DEFAULT,CRITICAL_PAYMENT_FAILURE,99.0,LTV_ELEVATED_86PCT|BUREAU_DETERIORATION|ACTIVE_DPD_90,ENFORCE_RECEIVABLE_RINGFENCE,0.94
LN-IND-9063,16.85,WATCH,LATENT_CASHFLOW_STRESS,61.9,DTI_STRETCH_49PCT,COVENANT_RESET_AND_LIQUIDITY_AUDIT,0.89
LN-IND-9064,25.3,DELINQUENT_90,ROLLING_DELINQUENCY,99.0,DTI_STRETCH_55PCT|BUREAU_DETERIORATION|ACTIVE_DPD_15,ENFORCE_RECEIVABLE_RINGFENCE,0.92
LN-IND-9065,11.53,WATCH,LATENT_CASHFLOW_STRESS,56.3,DTI_STRETCH_55PCT,COVENANT_RESET_AND_LIQUIDITY_AUDIT,0.85
LN-IND-9066,18.52,WATCH,LATENT_CASHFLOW_STRESS,65.0,LTV_ELEVATED_80PCT,COVENANT_RESET_AND_LIQUIDITY_AUDIT,0.9
LN-IND-9067,16.11,WATCH,LATENT_CASHFLOW_STRESS,55.2,STANDARD_PERFORMANCE,COVENANT_RESET_AND_LIQUIDITY_AUDIT,0.86
LN-IND-9068,27.99,DELINQUENT_90,ROLLING_DELINQUENCY,99.0,LTV_ELEVATED_78PCT|DTI_STRETCH_57PCT|ACTIVE_DPD_30,ENFORCE_RECEIVABLE_RINGFENCE,0.85
LN-IND-9069,46.77,DEFAULT,CRITICAL_PAYMENT_FAILURE,99.0,DTI_STRETCH_52PCT|BUREAU_DETERIORATION|ACTIVE_DPD_90,ENFORCE_RECEIVABLE_RINGFENCE,0.87
LN-IND-9070,20.21,DELINQUENT_90,ROLLING_DELINQUENCY,99.0,ACTIVE_DPD_15,ENFORCE_RECEIVABLE_RINGFENCE,0.88
LN-IND-9071,11.53,WATCH,LATENT_CASHFLOW_STRESS,55.9,DTI_STRETCH_55PCT,COVENANT_RESET_AND_LIQUIDITY_AUDIT,0.87
LN-IND-9072,14.5,WATCH,LATENT_CASHFLOW_STRESS,63.1,DTI_STRETCH_53PCT,COVENANT_RESET_AND_LIQUIDITY_AUDIT,0.82
LN-IND-9073,14.5,WATCH,LATENT_CASHFLOW_STRESS,62.2,DTI_STRETCH_42PCT,COVENANT_RESET_AND_LIQUIDITY_AUDIT,0.82
LN-IND-9074,18.41,WATCH,LATENT_CASHFLOW_STRESS,58.8,DTI_STRETCH_44PCT|BUREAU_DETERIORATION,COVENANT_RESET_AND_LIQUIDITY_AUDIT,0.88
LN-IND-9075,11.62,WATCH,LATENT_CASHFLOW_STRESS,56.3,STANDARD_PERFORMANCE,COVENANT_RESET_AND_LIQUIDITY_AUDIT,0.91
LN-IND-9076,18.92,WATCH,LATENT_CASHFLOW_STRESS,61.0,LTV_ELEVATED_87PCT|BUREAU_DETERIORATION,COVENANT_RESET_AND_LIQUIDITY_AUDIT,0.81
LN-IND-9077,14.53,WATCH,LATENT_CASHFLOW_STRESS,52.9,STANDARD_PERFORMANCE,COVENANT_RESET_AND_LIQUIDITY_AUDIT,0.84
LN-IND-9078,16.63,WATCH,LATENT_CASHFLOW_STRESS,65.9,DTI_STRETCH_51PCT,COVENANT_RESET_AND_LIQUIDITY_AUDIT,0.81
LN-IND-9079,17.96,WATCH,LATENT_CASHFLOW_STRESS,57.2,LTV_ELEVATED_81PCT,COVENANT_RESET_AND_LIQUIDITY_AUDIT,0.82
LN-IND-9080,13.57,WATCH,LATENT_CASHFLOW_STRESS,54.0,STANDARD_PERFORMANCE,COVENANT_RESET_AND_LIQUIDITY_AUDIT,0.82
LN-IND-9081,13.32,WATCH,LATENT_CASHFLOW_STRESS,60.7,STANDARD_PERFORMANCE,COVENANT_RESET_AND_LIQUIDITY_AUDIT,0.87
LN-IND-9082,47.85,DEFAULT,CRITICAL_PAYMENT_FAILURE,99.0,LTV_ELEVATED_85PCT|DTI_STRETCH_42PCT|BUREAU_DETERIORATION|ACTIVE_DPD_90,ENFORCE_RECEIVABLE_RINGFENCE,0.91
LN-IND-9083,22.17,DELINQUENT_90,ROLLING_DELINQUENCY,78.7,LTV_ELEVATED_89PCT|DTI_STRETCH_55PCT|BUREAU_DETERIORATION,ENFORCE_RECEIVABLE_RINGFENCE,0.92
LN-IND-9084,15.96,WATCH,LATENT_CASHFLOW_STRESS,48.1,STANDARD_PERFORMANCE,COVENANT_RESET_AND_LIQUIDITY_AUDIT,0.83
LN-IND-9085,13.74,WATCH,LATENT_CASHFLOW_STRESS,67.1,LTV_ELEVATED_88PCT,COVENANT_RESET_AND_LIQUIDITY_AUDIT,0.87
LN-IND-9086,14.19,WATCH,LATENT_CASHFLOW_STRESS,64.0,DTI_STRETCH_49PCT,COVENANT_RESET_AND_LIQUIDITY_AUDIT,0.86
LN-IND-9087,30.57,DELINQUENT_90,ROLLING_DELINQUENCY,99.0,ACTIVE_DPD_60,ENFORCE_RECEIVABLE_RINGFENCE,0.9
LN-IND-9088,23.54,DELINQUENT_90,ROLLING_DELINQUENCY,99.0,BUREAU_DETERIORATION|ACTIVE_DPD_15,ENFORCE_RECEIVABLE_RINGFENCE,0.92
LN-IND-9089,19.26,WATCH,LATENT_CASHFLOW_STRESS,70.5,LTV_ELEVATED_91PCT,COVENANT_RESET_AND_LIQUIDITY_AUDIT,0.87
LN-IND-9090,10.98,WATCH,LATENT_CASHFLOW_STRESS,52.6,STANDARD_PERFORMANCE,COVENANT_RESET_AND_LIQUIDITY_AUDIT,0.88
LN-IND-9091,20.83,DELINQUENT_90,ROLLING_DELINQUENCY,99.0,ACTIVE_DPD_30,ENFORCE_RECEIVABLE_RINGFENCE,0.86
LN-IND-9092,39.31,DELINQUENT_90,ROLLING_DELINQUENCY,99.0,BUREAU_DETERIORATION|ACTIVE_DPD_60,ENFORCE_RECEIVABLE_RINGFENCE,0.87
LN-IND-9093,10.77,WATCH,LATENT_CASHFLOW_STRESS,51.8,STANDARD_PERFORMANCE,COVENANT_RESET_AND_LIQUIDITY_AUDIT,0.85
LN-IND-9094,20.09,DELINQUENT_90,ROLLING_DELINQUENCY,57.3,DTI_STRETCH_55PCT|BUREAU_DETERIORATION,ENFORCE_RECEIVABLE_RINGFENCE,0.9
LN-IND-9095,10.36,WATCH,LATENT_CASHFLOW_STRESS,48.0,STANDARD_PERFORMANCE,COVENANT_RESET_AND_LIQUIDITY_AUDIT,0.84
LN-IND-9096,43.93,DEFAULT,CRITICAL_PAYMENT_FAILURE,99.0,DTI_STRETCH_44PCT|ACTIVE_DPD_90,ENFORCE_RECEIVABLE_RINGFENCE,0.94
LN-IND-9097,13.49,WATCH,LATENT_CASHFLOW_STRESS,53.7,DTI_STRETCH_45PCT,COVENANT_RESET_AND_LIQUIDITY_AUDIT,0.84
LN-IND-9098,28.9,DELINQUENT_90,ROLLING_DELINQUENCY,99.0,ACTIVE_DPD_60,ENFORCE_RECEIVABLE_RINGFENCE,0.89
LN-IND-9099,12.92,WATCH,LATENT_CASHFLOW_STRESS,66.3,LTV_ELEVATED_75PCT|DTI_STRETCH_46PCT,COVENANT_RESET_AND_LIQUIDITY_AUDIT,0.9
LN-IND-9100,13.76,WATCH,LATENT_CASHFLOW_STRESS,45.7,STANDARD_PERFORMANCE,COVENANT_RESET_AND_LIQUIDITY_AUDIT,0.83
LN-IND-9101,18.09,WATCH,LATENT_CASHFLOW_STRESS,64.7,DTI_STRETCH_56PCT,COVENANT_RESET_AND_LIQUIDITY_AUDIT,0.86
LN-IND-9102,12.47,WATCH,LATENT_CASHFLOW_STRESS,62.6,LTV_ELEVATED_87PCT,COVENANT_RESET_AND_LIQUIDITY_AUDIT,0.83
LN-IND-9103,20.71,DELINQUENT_90,ROLLING_DELINQUENCY,57.4,BUREAU_DETERIORATION,ENFORCE_RECEIVABLE_RINGFENCE,0.86
LN-IND-9104,20.26,DELINQUENT_90,ROLLING_DELINQUENCY,55.9,LTV_ELEVATED_76PCT|BUREAU_DETERIORATION,ENFORCE_RECEIVABLE_RINGFENCE,0.86
LN-IND-9105,11.96,WATCH,LATENT_CASHFLOW_STRESS,61.2,DTI_STRETCH_57PCT,COVENANT_RESET_AND_LIQUIDITY_AUDIT,0.83
LN-IND-9106,15.11,WATCH,LATENT_CASHFLOW_STRESS,99.0,ACTIVE_DPD_15,COVENANT_RESET_AND_LIQUIDITY_AUDIT,0.81
LN-IND-9107,13.7,WATCH,LATENT_CASHFLOW_STRESS,50.3,DTI_STRETCH_44PCT,COVENANT_RESET_AND_LIQUIDITY_AUDIT,0.83
LN-IND-9108,13.27,WATCH,LATENT_CASHFLOW_STRESS,43.3,STANDARD_PERFORMANCE,COVENANT_RESET_AND_LIQUIDITY_AUDIT,0.83
LN-IND-9109,32.81,DELINQUENT_90,ROLLING_DELINQUENCY,99.0,DTI_STRETCH_49PCT|ACTIVE_DPD_60,ENFORCE_RECEIVABLE_RINGFENCE,0.92
LN-IND-9110,22.47,DELINQUENT_90,ROLLING_DELINQUENCY,99.0,ACTIVE_DPD_30,ENFORCE_RECEIVABLE_RINGFENCE,0.87
LN-IND-9111,28.49,DELINQUENT_90,ROLLING_DELINQUENCY,99.0,DTI_STRETCH_54PCT|BUREAU_DETERIORATION|ACTIVE_DPD_30,ENFORCE_RECEIVABLE_RINGFENCE,0.9
LN-IND-9112,40.14,DEFAULT,CRITICAL_PAYMENT_FAILURE,99.0,ACTIVE_DPD_90,ENFORCE_RECEIVABLE_RINGFENCE,0.91
LN-IND-9113,16.58,WATCH,LATENT_CASHFLOW_STRESS,52.8,STANDARD_PERFORMANCE,COVENANT_RESET_AND_LIQUIDITY_AUDIT,0.82
LN-IND-9114,16.54,WATCH,LATENT_CASHFLOW_STRESS,43.6,BUREAU_DETERIORATION,COVENANT_RESET_AND_LIQUIDITY_AUDIT,0.81
LN-IND-9115,19.01,WATCH,LATENT_CASHFLOW_STRESS,99.0,ACTIVE_DPD_15,COVENANT_RESET_AND_LIQUIDITY_AUDIT,0.87
LN-IND-9116,19.74,WATCH,LATENT_CASHFLOW_STRESS,61.0,DTI_STRETCH_43PCT|BUREAU_DETERIORATION,COVENANT_RESET_AND_LIQUIDITY_AUDIT,0.89
LN-IND-9117,19.28,WATCH,LATENT_CASHFLOW_STRESS,56.0,LTV_ELEVATED_77PCT|BUREAU_DETERIORATION,COVENANT_RESET_AND_LIQUIDITY_AUDIT,0.81
LN-IND-9118,24.16,DELINQUENT_90,ROLLING_DELINQUENCY,99.0,DTI_STRETCH_50PCT|BUREAU_DETERIORATION|ACTIVE_DPD_15,ENFORCE_RECEIVABLE_RINGFENCE,0.87
LN-IND-9119,18.74,WATCH,LATENT_CASHFLOW_STRESS,66.2,LTV_ELEVATED_82PCT,COVENANT_RESET_AND_LIQUIDITY_AUDIT,0.82
LN-IND-9120,12.43,WATCH,LATENT_CASHFLOW_STRESS,63.3,DTI_STRETCH_42PCT,COVENANT_RESET_AND_LIQUIDITY_AUDIT,0.91
LN-IND-9121,10.49,WATCH,LATENT_CASHFLOW_STRESS,48.3,STANDARD_PERFORMANCE,COVENANT_RESET_AND_LIQUIDITY_AUDIT,0.86
LN-IND-9122,21.11,DELINQUENT_90,ROLLING_DELINQUENCY,66.9,LTV_ELEVATED_86PCT|BUREAU_DETERIORATION,ENFORCE_RECEIVABLE_RINGFENCE,0.92
LN-IND-9123,15.06,WATCH,LATENT_CASHFLOW_STRESS,71.1,LTV_ELEVATED_88PCT|DTI_STRETCH_43PCT,COVENANT_RESET_AND_LIQUIDITY_AUDIT,0.89
LN-IND-9124,15.33,WATCH,LATENT_CASHFLOW_STRESS,42.4,STANDARD_PERFORMANCE,COVENANT_RESET_AND_LIQUIDITY_AUDIT,0.84
LN-IND-9125,25.36,DELINQUENT_90,ROLLING_DELINQUENCY,99.0,ACTIVE_DPD_30,ENFORCE_RECEIVABLE_RINGFENCE,0.92
LN-IND-9126,19.89,WATCH,LATENT_CASHFLOW_STRESS,74.1,LTV_ELEVATED_82PCT|DTI_STRETCH_53PCT,COVENANT_RESET_AND_LIQUIDITY_AUDIT,0.81
LN-IND-9127,18.95,WATCH,LATENT_CASHFLOW_STRESS,74.3,LTV_ELEVATED_80PCT|DTI_STRETCH_56PCT,COVENANT_RESET_AND_LIQUIDITY_AUDIT,0.86
LN-IND-9128,25.01,DELINQUENT_90,ROLLING_DELINQUENCY,99.0,ACTIVE_DPD_30,ENFORCE_RECEIVABLE_RINGFENCE,0.91
LN-IND-9129,30.76,DELINQUENT_90,ROLLING_DELINQUENCY,99.0,ACTIVE_DPD_60,ENFORCE_RECEIVABLE_RINGFENCE,0.86
LN-IND-9130,21.42,DELINQUENT_90,ROLLING_DELINQUENCY,99.0,DTI_STRETCH_46PCT|ACTIVE_DPD_15,ENFORCE_RECEIVABLE_RINGFENCE,0.91
LN-IND-9131,22.75,DELINQUENT_90,ROLLING_DELINQUENCY,99.0,BUREAU_DETERIORATION|ACTIVE_DPD_15,ENFORCE_RECEIVABLE_RINGFENCE,0.88
LN-IND-9132,12.56,WATCH,LATENT_CASHFLOW_STRESS,53.5,STANDARD_PERFORMANCE,COVENANT_RESET_AND_LIQUIDITY_AUDIT,0.87
LN-IND-9133,10.71,WATCH,LATENT_CASHFLOW_STRESS,49.9,STANDARD_PERFORMANCE,COVENANT_RESET_AND_LIQUIDITY_AUDIT,0.8
LN-IND-9134,15.49,WATCH,LATENT_CASHFLOW_STRESS,62.9,DTI_STRETCH_48PCT,COVENANT_RESET_AND_LIQUIDITY_AUDIT,0.84
LN-IND-9135,15.45,WATCH,LATENT_CASHFLOW_STRESS,68.7,LTV_ELEVATED_80PCT|DTI_STRETCH_46PCT,COVENANT_RESET_AND_LIQUIDITY_AUDIT,0.81
LN-IND-9136,9.91,CURRENT,NONE,39.3,STANDARD_PERFORMANCE,STANDARD_MONITORING,0.92
LN-IND-9137,13.04,WATCH,LATENT_CASHFLOW_STRESS,48.3,STANDARD_PERFORMANCE,COVENANT_RESET_AND_LIQUIDITY_AUDIT,0.88
LN-IND-9138,17.73,WATCH,LATENT_CASHFLOW_STRESS,59.7,LTV_ELEVATED_78PCT,COVENANT_RESET_AND_LIQUIDITY_AUDIT,0.83
LN-IND-9139,21.79,DELINQUENT_90,ROLLING_DELINQUENCY,72.7,LTV_ELEVATED_87PCT|DTI_STRETCH_47PCT|BUREAU_DETERIORATION,ENFORCE_RECEIVABLE_RINGFENCE,0.88
LN-IND-9140,16.56,WATCH,LATENT_CASHFLOW_STRESS,50.8,STANDARD_PERFORMANCE,COVENANT_RESET_AND_LIQUIDITY_AUDIT,0.89
LN-IND-9141,14.78,WATCH,LATENT_CASHFLOW_STRESS,52.9,STANDARD_PERFORMANCE,COVENANT_RESET_AND_LIQUIDITY_AUDIT,0.88
LN-IND-9142,14.77,WATCH,LATENT_CASHFLOW_STRESS,55.8,DTI_STRETCH_51PCT,COVENANT_RESET_AND_LIQUIDITY_AUDIT,0.87
LN-IND-9143,13.23,WATCH,LATENT_CASHFLOW_STRESS,52.2,STANDARD_PERFORMANCE,COVENANT_RESET_AND_LIQUIDITY_AUDIT,0.83
LN-IND-9144,18.04,WATCH,LATENT_CASHFLOW_STRESS,99.0,DTI_STRETCH_46PCT|ACTIVE_DPD_15,COVENANT_RESET_AND_LIQUIDITY_AUDIT,0.82
LN-IND-9145,18.18,WATCH,LATENT_CASHFLOW_STRESS,48.4,BUREAU_DETERIORATION,COVENANT_RESET_AND_LIQUIDITY_AUDIT,0.87
LN-IND-9146,12.61,WATCH,LATENT_CASHFLOW_STRESS,46.4,STANDARD_PERFORMANCE,COVENANT_RESET_AND_LIQUIDITY_AUDIT,0.85
LN-IND-9147,19.59,WATCH,LATENT_CASHFLOW_STRESS,51.7,BUREAU_DETERIORATION,COVENANT_RESET_AND_LIQUIDITY_AUDIT,0.85
LN-IND-9148,16.44,WATCH,LATENT_CASHFLOW_STRESS,99.0,DTI_STRETCH_48PCT|ACTIVE_DPD_15,COVENANT_RESET_AND_LIQUIDITY_AUDIT,0.84
LN-IND-9149,19.0,WATCH,LATENT_CASHFLOW_STRESS,62.1,DTI_STRETCH_53PCT|BUREAU_DETERIORATION,COVENANT_RESET_AND_LIQUIDITY_AUDIT,0.82
LN-IND-9150,17.7,WATCH,LATENT_CASHFLOW_STRESS,58.9,DTI_STRETCH_52PCT,COVENANT_RESET_AND_LIQUIDITY_AUDIT,0.88
LN-IND-9151,12.28,WATCH,LATENT_CASHFLOW_STRESS,53.5,STANDARD_PERFORMANCE,COVENANT_RESET_AND_LIQUIDITY_AUDIT,0.81
LN-IND-9152,13.19,WATCH,LATENT_CASHFLOW_STRESS,53.6,DTI_STRETCH_47PCT,COVENANT_RESET_AND_LIQUIDITY_AUDIT,0.8
LN-IND-9153,30.55,DELINQUENT_90,ROLLING_DELINQUENCY,99.0,LTV_ELEVATED_86PCT|BUREAU_DETERIORATION|ACTIVE_DPD_30,ENFORCE_RECEIVABLE_RINGFENCE,0.91
LN-IND-9154,19.17,WATCH,LATENT_CASHFLOW_STRESS,99.0,ACTIVE_DPD_15,COVENANT_RESET_AND_LIQUIDITY_AUDIT,0.82
LN-IND-9155,19.11,WATCH,LATENT_CASHFLOW_STRESS,71.7,LTV_ELEVATED_76PCT|DTI_STRETCH_54PCT,COVENANT_RESET_AND_LIQUIDITY_AUDIT,0.87
LN-IND-9156,17.23,WATCH,LATENT_CASHFLOW_STRESS,99.0,LTV_ELEVATED_82PCT|ACTIVE_DPD_15,COVENANT_RESET_AND_LIQUIDITY_AUDIT,0.89
LN-IND-9157,22.01,DELINQUENT_90,ROLLING_DELINQUENCY,99.0,BUREAU_DETERIORATION|ACTIVE_DPD_15,ENFORCE_RECEIVABLE_RINGFENCE,0.87
LN-IND-9158,11.3,WATCH,LATENT_CASHFLOW_STRESS,44.0,STANDARD_PERFORMANCE,COVENANT_RESET_AND_LIQUIDITY_AUDIT,0.8
LN-IND-9159,16.64,WATCH,LATENT_CASHFLOW_STRESS,99.0,ACTIVE_DPD_15,COVENANT_RESET_AND_LIQUIDITY_AUDIT,0.81
LN-IND-9160,18.85,WATCH,LATENT_CASHFLOW_STRESS,55.7,BUREAU_DETERIORATION,COVENANT_RESET_AND_LIQUIDITY_AUDIT,0.87
LN-IND-9161,17.02,WATCH,LATENT_CASHFLOW_STRESS,67.2,LTV_ELEVATED_80PCT|DTI_STRETCH_44PCT,COVENANT_RESET_AND_LIQUIDITY_AUDIT,0.89
LN-IND-9162,18.17,WATCH,LATENT_CASHFLOW_STRESS,56.5,BUREAU_DETERIORATION,COVENANT_RESET_AND_LIQUIDITY_AUDIT,0.81
LN-IND-9163,21.59,DELINQUENT_90,ROLLING_DELINQUENCY,99.0,DTI_STRETCH_54PCT|ACTIVE_DPD_15,ENFORCE_RECEIVABLE_RINGFENCE,0.89
LN-IND-9164,20.12,DELINQUENT_90,ROLLING_DELINQUENCY,60.5,DTI_STRETCH_52PCT|BUREAU_DETERIORATION,ENFORCE_RECEIVABLE_RINGFENCE,0.9
LN-IND-9165,27.55,DELINQUENT_90,ROLLING_DELINQUENCY,99.0,BUREAU_DETERIORATION|ACTIVE_DPD_30,ENFORCE_RECEIVABLE_RINGFENCE,0.89
LN-IND-9166,24.88,DELINQUENT_90,ROLLING_DELINQUENCY,99.0,LTV_ELEVATED_75PCT|ACTIVE_DPD_30,ENFORCE_RECEIVABLE_RINGFENCE,0.96
LN-IND-9167,15.87,WATCH,LATENT_CASHFLOW_STRESS,59.1,STANDARD_PERFORMANCE,COVENANT_RESET_AND_LIQUIDITY_AUDIT,0.87
LN-IND-9168,23.32,DELINQUENT_90,ROLLING_DELINQUENCY,99.0,DTI_STRETCH_44PCT|BUREAU_DETERIORATION|ACTIVE_DPD_15,ENFORCE_RECEIVABLE_RINGFENCE,0.93
LN-IND-9169,21.09,DELINQUENT_90,ROLLING_DELINQUENCY,67.1,LTV_ELEVATED_91PCT|BUREAU_DETERIORATION,ENFORCE_RECEIVABLE_RINGFENCE,0.86
LN-IND-9170,17.86,WATCH,LATENT_CASHFLOW_STRESS,64.7,DTI_STRETCH_45PCT,COVENANT_RESET_AND_LIQUIDITY_AUDIT,0.9
LN-IND-9171,13.27,WATCH,LATENT_CASHFLOW_STRESS,51.5,STANDARD_PERFORMANCE,COVENANT_RESET_AND_LIQUIDITY_AUDIT,0.89
LN-IND-9172,18.17,WATCH,LATENT_CASHFLOW_STRESS,51.0,DTI_STRETCH_43PCT|BUREAU_DETERIORATION,COVENANT_RESET_AND_LIQUIDITY_AUDIT,0.87
LN-IND-9173,17.44,WATCH,LATENT_CASHFLOW_STRESS,99.0,ACTIVE_DPD_15,COVENANT_RESET_AND_LIQUIDITY_AUDIT,0.9
LN-IND-9174,16.12,WATCH,LATENT_CASHFLOW_STRESS,99.0,ACTIVE_DPD_15,COVENANT_RESET_AND_LIQUIDITY_AUDIT,0.82
LN-IND-9175,16.39,WATCH,LATENT_CASHFLOW_STRESS,60.0,DTI_STRETCH_56PCT,COVENANT_RESET_AND_LIQUIDITY_AUDIT,0.81
LN-IND-9176,15.66,WATCH,LATENT_CASHFLOW_STRESS,57.1,DTI_STRETCH_50PCT,COVENANT_RESET_AND_LIQUIDITY_AUDIT,0.82
LN-IND-9177,13.49,WATCH,LATENT_CASHFLOW_STRESS,47.5,STANDARD_PERFORMANCE,COVENANT_RESET_AND_LIQUIDITY_AUDIT,0.86
LN-IND-9178,12.84,WATCH,LATENT_CASHFLOW_STRESS,58.8,DTI_STRETCH_53PCT,COVENANT_RESET_AND_LIQUIDITY_AUDIT,0.8
LN-IND-9179,42.3,DEFAULT,CRITICAL_PAYMENT_FAILURE,99.0,LTV_ELEVATED_87PCT|ACTIVE_DPD_90,ENFORCE_RECEIVABLE_RINGFENCE,0.86
LN-IND-9180,11.8,WATCH,LATENT_CASHFLOW_STRESS,57.0,DTI_STRETCH_54PCT,COVENANT_RESET_AND_LIQUIDITY_AUDIT,0.81
LN-IND-9181,16.6,WATCH,LATENT_CASHFLOW_STRESS,66.1,DTI_STRETCH_51PCT,COVENANT_RESET_AND_LIQUIDITY_AUDIT,0.86
LN-IND-9182,11.86,WATCH,LATENT_CASHFLOW_STRESS,56.1,STANDARD_PERFORMANCE,COVENANT_RESET_AND_LIQUIDITY_AUDIT,0.91
LN-IND-9183,19.15,WATCH,LATENT_CASHFLOW_STRESS,62.3,LTV_ELEVATED_91PCT|BUREAU_DETERIORATION,COVENANT_RESET_AND_LIQUIDITY_AUDIT,0.89
LN-IND-9184,23.38,DELINQUENT_90,ROLLING_DELINQUENCY,99.0,BUREAU_DETERIORATION|ACTIVE_DPD_15,ENFORCE_RECEIVABLE_RINGFENCE,0.94
LN-IND-9185,18.14,WATCH,LATENT_CASHFLOW_STRESS,58.0,DTI_STRETCH_42PCT|BUREAU_DETERIORATION,COVENANT_RESET_AND_LIQUIDITY_AUDIT,0.82
LN-IND-9186,18.65,WATCH,LATENT_CASHFLOW_STRESS,99.0,LTV_ELEVATED_90PCT|DTI_STRETCH_45PCT|ACTIVE_DPD_15,COVENANT_RESET_AND_LIQUIDITY_AUDIT,0.87
LN-IND-9187,13.59,WATCH,LATENT_CASHFLOW_STRESS,64.0,LTV_ELEVATED_85PCT,COVENANT_RESET_AND_LIQUIDITY_AUDIT,0.85
LN-IND-9188,39.78,DELINQUENT_90,ROLLING_DELINQUENCY,99.0,LTV_ELEVATED_83PCT|BUREAU_DETERIORATION|ACTIVE_DPD_60,ENFORCE_RECEIVABLE_RINGFENCE,0.96
LN-IND-9189,14.6,WATCH,LATENT_CASHFLOW_STRESS,60.2,DTI_STRETCH_52PCT,COVENANT_RESET_AND_LIQUIDITY_AUDIT,0.89
LN-IND-9190,15.81,WATCH,LATENT_CASHFLOW_STRESS,60.9,DTI_STRETCH_57PCT,COVENANT_RESET_AND_LIQUIDITY_AUDIT,0.87
LN-IND-9191,24.95,DELINQUENT_90,ROLLING_DELINQUENCY,99.0,LTV_ELEVATED_76PCT|DTI_STRETCH_42PCT|ACTIVE_DPD_30,ENFORCE_RECEIVABLE_RINGFENCE,0.92
LN-IND-9192,15.85,WATCH,LATENT_CASHFLOW_STRESS,63.9,LTV_ELEVATED_88PCT,COVENANT_RESET_AND_LIQUIDITY_AUDIT,0.87
LN-IND-9193,25.62,DELINQUENT_90,ROLLING_DELINQUENCY,99.0,ACTIVE_DPD_30,ENFORCE_RECEIVABLE_RINGFENCE,0.9
LN-IND-9194,13.2,WATCH,LATENT_CASHFLOW_STRESS,52.2,STANDARD_PERFORMANCE,COVENANT_RESET_AND_LIQUIDITY_AUDIT,0.91
LN-IND-9195,21.07,DELINQUENT_90,ROLLING_DELINQUENCY,62.3,DTI_STRETCH_55PCT|BUREAU_DETERIORATION,ENFORCE_RECEIVABLE_RINGFENCE,0.86
LN-IND-9196,20.26,DELINQUENT_90,ROLLING_DELINQUENCY,59.0,LTV_ELEVATED_81PCT|BUREAU_DETERIORATION,ENFORCE_RECEIVABLE_RINGFENCE,0.96
LN-IND-9197,14.05,WATCH,LATENT_CASHFLOW_STRESS,53.5,DTI_STRETCH_44PCT,COVENANT_RESET_AND_LIQUIDITY_AUDIT,0.86
LN-IND-9198,14.94,WATCH,LATENT_CASHFLOW_STRESS,51.0,STANDARD_PERFORMANCE,COVENANT_RESET_AND_LIQUIDITY_AUDIT,0.89
LN-IND-9199,15.67,WATCH,LATENT_CASHFLOW_STRESS,58.9,DTI_STRETCH_43PCT,COVENANT_RESET_AND_LIQUIDITY_AUDIT,0.8
LN-IND-9200,13.58,WATCH,LATENT_CASHFLOW_STRESS,62.8,DTI_STRETCH_46PCT,COVENANT_RESET_AND_LIQUIDITY_AUDIT,0.82
LN-IND-9201,16.07,WATCH,LATENT_CASHFLOW_STRESS,59.7,DTI_STRETCH_52PCT,COVENANT_RESET_AND_LIQUIDITY_AUDIT,0.84
LN-IND-9202,16.39,WATCH,LATENT_CASHFLOW_STRESS,44.7,BUREAU_DETERIORATION,COVENANT_RESET_AND_LIQUIDITY_AUDIT,0.85
LN-IND-9203,20.45,DELINQUENT_90,ROLLING_DELINQUENCY,99.0,ACTIVE_DPD_30,ENFORCE_RECEIVABLE_RINGFENCE,0.87
LN-IND-9204,31.29,DELINQUENT_90,ROLLING_DELINQUENCY,99.0,ACTIVE_DPD_60,ENFORCE_RECEIVABLE_RINGFENCE,0.95
LN-IND-9205,34.76,DELINQUENT_90,ROLLING_DELINQUENCY,99.0,DTI_STRETCH_54PCT|ACTIVE_DPD_60,ENFORCE_RECEIVABLE_RINGFENCE,0.85
LN-IND-9206,17.33,WATCH,LATENT_CASHFLOW_STRESS,58.4,DTI_STRETCH_53PCT,COVENANT_RESET_AND_LIQUIDITY_AUDIT,0.89
LN-IND-9207,13.89,WATCH,LATENT_CASHFLOW_STRESS,61.1,DTI_STRETCH_44PCT,COVENANT_RESET_AND_LIQUIDITY_AUDIT,0.9
LN-IND-9208,25.43,DELINQUENT_90,ROLLING_DELINQUENCY,99.0,DTI_STRETCH_44PCT|BUREAU_DETERIORATION|ACTIVE_DPD_15,ENFORCE_RECEIVABLE_RINGFENCE,0.92
LN-IND-9209,18.34,WATCH,LATENT_CASHFLOW_STRESS,51.8,DTI_STRETCH_46PCT|BUREAU_DETERIORATION,COVENANT_RESET_AND_LIQUIDITY_AUDIT,0.85
LN-IND-9210,15.13,WATCH,LATENT_CASHFLOW_STRESS,49.5,STANDARD_PERFORMANCE,COVENANT_RESET_AND_LIQUIDITY_AUDIT,0.88
LN-IND-9211,14.33,WATCH,LATENT_CASHFLOW_STRESS,58.7,DTI_STRETCH_55PCT,COVENANT_RESET_AND_LIQUIDITY_AUDIT,0.82
LN-IND-9212,14.08,WATCH,LATENT_CASHFLOW_STRESS,47.5,STANDARD_PERFORMANCE,COVENANT_RESET_AND_LIQUIDITY_AUDIT,0.88
LN-IND-9213,18.55,WATCH,LATENT_CASHFLOW_STRESS,99.0,LTV_ELEVATED_91PCT|ACTIVE_DPD_15,COVENANT_RESET_AND_LIQUIDITY_AUDIT,0.8
LN-IND-9214,12.43,WATCH,LATENT_CASHFLOW_STRESS,55.7,DTI_STRETCH_42PCT,COVENANT_RESET_AND_LIQUIDITY_AUDIT,0.81
LN-IND-9215,16.7,WATCH,LATENT_CASHFLOW_STRESS,58.6,LTV_ELEVATED_83PCT,COVENANT_RESET_AND_LIQUIDITY_AUDIT,0.81
LN-IND-9216,17.29,WATCH,LATENT_CASHFLOW_STRESS,47.3,BUREAU_DETERIORATION,COVENANT_RESET_AND_LIQUIDITY_AUDIT,0.82
LN-IND-9217,44.71,DEFAULT,CRITICAL_PAYMENT_FAILURE,99.0,LTV_ELEVATED_77PCT|DTI_STRETCH_49PCT|ACTIVE_DPD_90,ENFORCE_RECEIVABLE_RINGFENCE,0.9
LN-IND-9218,21.16,DELINQUENT_90,ROLLING_DELINQUENCY,58.0,LTV_ELEVATED_80PCT|BUREAU_DETERIORATION,ENFORCE_RECEIVABLE_RINGFENCE,0.93
LN-IND-9219,14.8,WATCH,LATENT_CASHFLOW_STRESS,64.0,DTI_STRETCH_44PCT,COVENANT_RESET_AND_LIQUIDITY_AUDIT,0.83
LN-IND-9220,13.45,WATCH,LATENT_CASHFLOW_STRESS,54.1,STANDARD_PERFORMANCE,COVENANT_RESET_AND_LIQUIDITY_AUDIT,0.82
LN-IND-9221,20.88,DELINQUENT_90,ROLLING_DELINQUENCY,99.0,ACTIVE_DPD_15,ENFORCE_RECEIVABLE_RINGFENCE,0.91
LN-IND-9222,15.15,WATCH,LATENT_CASHFLOW_STRESS,51.9,STANDARD_PERFORMANCE,COVENANT_RESET_AND_LIQUIDITY_AUDIT,0.85
LN-IND-9223,20.38,DELINQUENT_90,ROLLING_DELINQUENCY,67.4,LTV_ELEVATED_88PCT|BUREAU_DETERIORATION,ENFORCE_RECEIVABLE_RINGFENCE,0.9
LN-IND-9224,21.34,DELINQUENT_90,ROLLING_DELINQUENCY,71.9,LTV_ELEVATED_84PCT|DTI_STRETCH_48PCT|BUREAU_DETERIORATION,ENFORCE_RECEIVABLE_RINGFENCE,0.94
LN-IND-9225,16.17,WATCH,LATENT_CASHFLOW_STRESS,67.2,LTV_ELEVATED_90PCT,COVENANT_RESET_AND_LIQUIDITY_AUDIT,0.88
LN-IND-9226,13.96,WATCH,LATENT_CASHFLOW_STRESS,51.8,DTI_STRETCH_43PCT,COVENANT_RESET_AND_LIQUIDITY_AUDIT,0.83
LN-IND-9227,15.66,WATCH,LATENT_CASHFLOW_STRESS,64.9,LTV_ELEVATED_79PCT,COVENANT_RESET_AND_LIQUIDITY_AUDIT,0.9
LN-IND-9228,36.27,DELINQUENT_90,ROLLING_DELINQUENCY,99.0,LTV_ELEVATED_89PCT|DTI_STRETCH_46PCT|ACTIVE_DPD_60,ENFORCE_RECEIVABLE_RINGFENCE,0.87
LN-IND-9229,17.98,WATCH,LATENT_CASHFLOW_STRESS,60.2,DTI_STRETCH_55PCT|BUREAU_DETERIORATION,COVENANT_RESET_AND_LIQUIDITY_AUDIT,0.88
LN-IND-9230,12.18,WATCH,LATENT_CASHFLOW_STRESS,53.5,DTI_STRETCH_49PCT,COVENANT_RESET_AND_LIQUIDITY_AUDIT,0.87
LN-IND-9231,32.47,DELINQUENT_90,ROLLING_DELINQUENCY,99.0,LTV_ELEVATED_79PCT|ACTIVE_DPD_60,ENFORCE_RECEIVABLE_RINGFENCE,0.94
LN-IND-9232,11.11,WATCH,LATENT_CASHFLOW_STRESS,52.5,STANDARD_PERFORMANCE,COVENANT_RESET_AND_LIQUIDITY_AUDIT,0.86
LN-IND-9233,13.55,WATCH,LATENT_CASHFLOW_STRESS,63.5,LTV_ELEVATED_84PCT,COVENANT_RESET_AND_LIQUIDITY_AUDIT,0.89
LN-IND-9234,13.94,WATCH,LATENT_CASHFLOW_STRESS,52.7,DTI_STRETCH_44PCT,COVENANT_RESET_AND_LIQUIDITY_AUDIT,0.88
LN-IND-9235,12.95,WATCH,LATENT_CASHFLOW_STRESS,58.3,LTV_ELEVATED_82PCT,COVENANT_RESET_AND_LIQUIDITY_AUDIT,0.88
LN-IND-9236,42.3,DEFAULT,CRITICAL_PAYMENT_FAILURE,99.0,ACTIVE_DPD_90,ENFORCE_RECEIVABLE_RINGFENCE,0.89
LN-IND-9237,19.32,WATCH,LATENT_CASHFLOW_STRESS,53.3,DTI_STRETCH_44PCT|BUREAU_DETERIORATION,COVENANT_RESET_AND_LIQUIDITY_AUDIT,0.88
LN-IND-9238,26.96,DELINQUENT_90,ROLLING_DELINQUENCY,99.0,BUREAU_DETERIORATION|ACTIVE_DPD_30,ENFORCE_RECEIVABLE_RINGFENCE,0.88
LN-IND-9239,14.47,WATCH,LATENT_CASHFLOW_STRESS,72.5,LTV_ELEVATED_83PCT|DTI_STRETCH_50PCT,COVENANT_RESET_AND_LIQUIDITY_AUDIT,0.91
LN-IND-9240,20.38,DELINQUENT_90,ROLLING_DELINQUENCY,56.2,LTV_ELEVATED_76PCT|BUREAU_DETERIORATION,ENFORCE_RECEIVABLE_RINGFENCE,0.89
LN-IND-9241,15.01,WATCH,LATENT_CASHFLOW_STRESS,52.1,STANDARD_PERFORMANCE,COVENANT_RESET_AND_LIQUIDITY_AUDIT,0.88
LN-IND-9242,21.09,DELINQUENT_90,ROLLING_DELINQUENCY,60.6,DTI_STRETCH_49PCT|BUREAU_DETERIORATION,ENFORCE_RECEIVABLE_RINGFENCE,0.92
LN-IND-9243,20.64,DELINQUENT_90,ROLLING_DELINQUENCY,68.8,LTV_ELEVATED_86PCT|BUREAU_DETERIORATION,ENFORCE_RECEIVABLE_RINGFENCE,0.92
LN-IND-9244,16.28,WATCH,LATENT_CASHFLOW_STRESS,99.0,DTI_STRETCH_47PCT|ACTIVE_DPD_15,COVENANT_RESET_AND_LIQUIDITY_AUDIT,0.82
LN-IND-9245,16.96,WATCH,LATENT_CASHFLOW_STRESS,66.2,LTV_ELEVATED_83PCT,COVENANT_RESET_AND_LIQUIDITY_AUDIT,0.82
LN-IND-9246,38.36,DELINQUENT_90,ROLLING_DELINQUENCY,99.0,BUREAU_DETERIORATION|ACTIVE_DPD_60,ENFORCE_RECEIVABLE_RINGFENCE,0.86
LN-IND-9247,13.19,WATCH,LATENT_CASHFLOW_STRESS,62.8,DTI_STRETCH_52PCT,COVENANT_RESET_AND_LIQUIDITY_AUDIT,0.86
LN-IND-9248,20.6,DELINQUENT_90,ROLLING_DELINQUENCY,99.0,DTI_STRETCH_51PCT|ACTIVE_DPD_15,ENFORCE_RECEIVABLE_RINGFENCE,0.86
LN-IND-9249,25.15,DELINQUENT_90,ROLLING_DELINQUENCY,99.0,DTI_STRETCH_47PCT|BUREAU_DETERIORATION|ACTIVE_DPD_15,ENFORCE_RECEIVABLE_RINGFENCE,0.87
LN-IND-9250,21.74,DELINQUENT_90,ROLLING_DELINQUENCY,99.0,LTV_ELEVATED_80PCT|ACTIVE_DPD_15,ENFORCE_RECEIVABLE_RINGFENCE,0.91
